"","ME","RMSE","MAE","MPE","MAPE"
"Test set",4.23647414530535,85.8620297557913,58.8493936377543,-17596.6038226162,21310.9634824891
