"","ME","RMSE","MAE","MPE","MAPE"
"Test set",4.52798459620695,87.2691334305899,60.1212572214583,NA,Inf
