"","ME","RMSE","MAE","MPE","MAPE"
"Test set",-0.24492052363647,93.4328696805384,66.1187981884152,-7186.18993827827,7217.55219028324
