"","MAE","MAPE","RMSE"
"error",33.4746572344775,56.3644274446454,49.8494915329146
