"","ME","RMSE","MAE","MPE","MAPE"
"Test set",4.99450939340989,123.258650693924,85.8544847339611,-32653.4371000118,32703.7972069132
