"","ME","RMSE","MAE","MPE","MAPE"
"Test set",3.85683747912771,73.8928341739657,41.3529363193954,-6294.09840738098,6317.85835687833
