"","ME","RMSE","MAE","MPE","MAPE"
"Test set",2.04428258982592,87.2525553039274,62.4552968464687,-20319.9156614144,21421.3006861182
